﻿<?xml version="1.0" encoding="utf-8"?>
<Defs>



  <!-- SadjuukTableBase : Base All Tables -->
  <ThingDef Abstract="True" ParentName="FurnitureWithQualityBase" Name="SadjuukTableBase">
    <designationCategory>SadjuukUN-Furniture</designationCategory>
    <thingClass>Building</thingClass>
    <altitudeLayer>Building</altitudeLayer>
    <passability>PassThroughOnly</passability>
    <castEdgeShadows>true</castEdgeShadows>
    <pathCost>60</pathCost>
    <fillPercent>0.4</fillPercent>
    <socialPropernessMatters>true</socialPropernessMatters>
    <canOverlapZones>false</canOverlapZones>
    <leaveResourcesWhenKilled>true</leaveResourcesWhenKilled>
    <staticSunShadowHeight>0.20</staticSunShadowHeight>
    <surfaceType>Eat</surfaceType>
    <comps>
      <li>
        <compClass>CompGatherSpot</compClass>
      </li>
    </comps>
  </ThingDef>
  
  
 
  <!-- SadjuukTableBaseA : Base Log Table -->
  <ThingDef Abstract="True" ParentName="SadjuukTableBase" Name="SadjuukTableBaseA">
    <designatorDropdown>SadjuukTableBaseA</designatorDropdown>
    <description>Beauty : 0
A simple and primitive Table for social or work organization.</description>
    <statBases>
      <MaxHitPoints>60</MaxHitPoints>
      <WorkToBuild>600</WorkToBuild>
      <Flammability>1</Flammability>
      <Beauty>0</Beauty>
      <Mass>40</Mass>
    </statBases>
    <constructEffect>ConstructWood</constructEffect>
  </ThingDef>
  <!-- SadjuukTableAA : Log Table 1X1 -->
  <ThingDef ParentName="SadjuukTableBaseA">
    <defName>SadjuukTableAA</defName>
    <label>Log Table 1X1</label>
    <graphicData>
      <texPath>SadjuukTable/SadjuukTableAA</texPath>
      <graphicClass>Graphic_Multi</graphicClass>
      <drawSize>(2,2)</drawSize>
    </graphicData>
    <size>(1,1)</size>
    <uiIconPath>SadjuukTable/SadjuukTableAA_Icon</uiIconPath>
    <costList>
      <WoodLog>10</WoodLog>
    </costList>
  </ThingDef>
  <!-- SadjuukTableAB : Log Table 2X1 -->
  <ThingDef ParentName="SadjuukTableBaseA">
    <defName>SadjuukTableAB</defName>
    <label>Log Table 2X1</label>
    <graphicData>
      <texPath>SadjuukTable/SadjuukTableAB</texPath>
      <graphicClass>Graphic_Multi</graphicClass>
      <drawSize>(3,3)</drawSize>
    </graphicData>
    <size>(2,1)</size>
    <uiIconPath>SadjuukTable/SadjuukTableAB_Icon</uiIconPath>
    <costList>
      <WoodLog>20</WoodLog>
    </costList>
  </ThingDef>
  <!-- SadjuukTableAC : Log Table 3X1 -->
  <ThingDef ParentName="SadjuukTableBaseA">
    <defName>SadjuukTableAC</defName>
    <label>Log Table 3X1</label>
    <graphicData>
      <texPath>SadjuukTable/SadjuukTableAC</texPath>
      <graphicClass>Graphic_Multi</graphicClass>
      <drawSize>(4,4)</drawSize>
    </graphicData>
    <size>(3,1)</size>
    <uiIconPath>SadjuukTable/SadjuukTableAC_Icon</uiIconPath>
    <costList>
      <WoodLog>30</WoodLog>
    </costList>
  </ThingDef>
  <!-- SadjuukTableAD : Log Table 2X2 -->
  <ThingDef ParentName="SadjuukTableBaseA">
    <defName>SadjuukTableAD</defName>
    <label>Log Table 2X2</label>
    <graphicData>
      <texPath>SadjuukTable/SadjuukTableAD</texPath>
      <graphicClass>Graphic_Multi</graphicClass>
      <drawSize>(3,3)</drawSize>
    </graphicData>
    <size>(2,2)</size>
    <uiIconPath>SadjuukTable/SadjuukTableAD_Icon</uiIconPath>
    <costList>
      <WoodLog>40</WoodLog>
    </costList>
  </ThingDef>
  <!-- SadjuukTableAE : Log Table 3X2 -->
  <ThingDef ParentName="SadjuukTableBaseA">
    <defName>SadjuukTableAE</defName>
    <label>Log Table 3X2</label>
    <graphicData>
      <texPath>SadjuukTable/SadjuukTableAE</texPath>
      <graphicClass>Graphic_Multi</graphicClass>
      <drawSize>(4,4)</drawSize>
    </graphicData>
    <size>(3,2)</size>
    <uiIconPath>SadjuukTable/SadjuukTableAE_Icon</uiIconPath>
    <costList>
      <WoodLog>60</WoodLog>
    </costList>
  </ThingDef>
  <!-- SadjuukTableAF : Meeting Log Table -->
  <ThingDef ParentName="SadjuukTableBaseA">
    <defName>SadjuukTableAF</defName>
    <label>Meeting Log Table</label>
    <graphicData>
      <texPath>SadjuukTable/SadjuukTableAF</texPath>
      <graphicClass>Graphic_Multi</graphicClass>
      <drawSize>(4,4)</drawSize>
    </graphicData>
    <size>(3,1)</size>
    <uiIconPath>SadjuukTable/SadjuukTableAF_Icon</uiIconPath>
    <costList>
      <WoodLog>30</WoodLog>
      <Cloth>15</Cloth>
    </costList>
  </ThingDef>

 
 
  <!-- SadjuukTableBaseB : Base Wooden Table -->
  <ThingDef Abstract="True" ParentName="SadjuukTableBase" Name="SadjuukTableBaseB">
    <designatorDropdown>SadjuukTableBaseB</designatorDropdown>
    <description>Beauty : 2
A wooden Table for social or work organization.</description>
    <statBases>
      <MaxHitPoints>80</MaxHitPoints>
      <WorkToBuild>800</WorkToBuild>
      <Flammability>0.8</Flammability>
      <Beauty>2</Beauty>
      <Mass>40</Mass>
    </statBases>
    <constructEffect>ConstructWood</constructEffect>
    <constructionSkillPrerequisite>3</constructionSkillPrerequisite>
  </ThingDef>
  <!-- SadjuukTableBA : Wooden Table 1X1 -->
  <ThingDef ParentName="SadjuukTableBaseB">
    <defName>SadjuukTableBA</defName>
    <label>Wooden Table 1X1</label>
    <graphicData>
      <texPath>SadjuukTable/SadjuukTableBA</texPath>
      <graphicClass>Graphic_Multi</graphicClass>
      <drawSize>(2,2)</drawSize>
    </graphicData>
    <size>(1,1)</size>
    <uiIconPath>SadjuukTable/SadjuukTableBA_Icon</uiIconPath>
    <costList>
      <WoodLog>15</WoodLog>
    </costList>
  </ThingDef>
  <!-- SadjuukTableBB : Wooden Table 2X1 -->
  <ThingDef ParentName="SadjuukTableBaseB">
    <defName>SadjuukTableBB</defName>
    <label>Wooden Table 2X1</label>
    <graphicData>
      <texPath>SadjuukTable/SadjuukTableBB</texPath>
      <graphicClass>Graphic_Multi</graphicClass>
      <drawSize>(3,3)</drawSize>
    </graphicData>
    <size>(2,1)</size>
    <uiIconPath>SadjuukTable/SadjuukTableBB_Icon</uiIconPath>
    <costList>
      <WoodLog>30</WoodLog>
    </costList>
  </ThingDef>
  <!-- SadjuukTableBC : Wooden Table 3X1 -->
  <ThingDef ParentName="SadjuukTableBaseB">
    <defName>SadjuukTableBC</defName>
    <label>Wooden Table 3X1</label>
    <graphicData>
      <texPath>SadjuukTable/SadjuukTableBC</texPath>
      <graphicClass>Graphic_Multi</graphicClass>
      <drawSize>(4,4)</drawSize>
    </graphicData>
    <size>(3,1)</size>
    <uiIconPath>SadjuukTable/SadjuukTableBC_Icon</uiIconPath>
    <costList>
      <WoodLog>45</WoodLog>
    </costList>
  </ThingDef>
  <!-- SadjuukTableBD : Wooden Table 2X2 -->
  <ThingDef ParentName="SadjuukTableBaseB">
    <defName>SadjuukTableBD</defName>
    <label>Wooden Table 2X2</label>
    <graphicData>
      <texPath>SadjuukTable/SadjuukTableBD</texPath>
      <graphicClass>Graphic_Multi</graphicClass>
      <drawSize>(3,3)</drawSize>
    </graphicData>
    <size>(2,2)</size>
    <uiIconPath>SadjuukTable/SadjuukTableBD_Icon</uiIconPath>
    <costList>
      <WoodLog>60</WoodLog>
    </costList>
  </ThingDef>
  <!-- SadjuukTableBE : Wooden Table 3X2 -->
  <ThingDef ParentName="SadjuukTableBaseB">
    <defName>SadjuukTableBE</defName>
    <label>Wooden Table 3X2</label>
    <graphicData>
      <texPath>SadjuukTable/SadjuukTableBE</texPath>
      <graphicClass>Graphic_Multi</graphicClass>
      <drawSize>(4,4)</drawSize>
    </graphicData>
    <size>(3,2)</size>
    <uiIconPath>SadjuukTable/SadjuukTableBE_Icon</uiIconPath>
    <costList>
      <WoodLog>90</WoodLog>
    </costList>
  </ThingDef>
  <!-- SadjuukTableBF : Meeting Wooden Table -->
  <ThingDef ParentName="SadjuukTableBaseB">
    <defName>SadjuukTableBF</defName>
    <label>Meeting Wooden Table</label>
    <graphicData>
      <texPath>SadjuukTable/SadjuukTableBF</texPath>
      <graphicClass>Graphic_Multi</graphicClass>
      <drawSize>(4,4)</drawSize>
    </graphicData>
    <size>(3,1)</size>
    <uiIconPath>SadjuukTable/SadjuukTableBF_Icon</uiIconPath>
    <costList>
      <WoodLog>45</WoodLog>
      <Cloth>15</Cloth>
      <Gold>15</Gold>
    </costList>
  </ThingDef>
 
 
 
  <!-- SadjuukTableBaseC : Base Steel Table -->
  <ThingDef Abstract="True" ParentName="SadjuukTableBase" Name="SadjuukTableBaseC">
    <designatorDropdown>SadjuukTableBaseC</designatorDropdown>
    <description>Beauty : 2
A standard steel Table for social or work organization.</description>
    <statBases>
      <MaxHitPoints>150</MaxHitPoints>
      <WorkToBuild>1500</WorkToBuild>
      <Flammability>0.2</Flammability>
      <Beauty>2</Beauty>
      <Mass>40</Mass>
    </statBases>
    <researchPrerequisites>
      <li>SadjuukFurnitureA</li>
    </researchPrerequisites>
    <constructionSkillPrerequisite>3</constructionSkillPrerequisite>
  </ThingDef>
  <!-- SadjuukTableCA : Steel Table 1X1 -->
  <ThingDef ParentName="SadjuukTableBaseC">
    <defName>SadjuukTableCA</defName>
    <label>Steel Table 1X1</label>
    <graphicData>
      <texPath>SadjuukTable/SadjuukTableCA</texPath>
      <graphicClass>Graphic_Multi</graphicClass>
      <drawSize>(2,2)</drawSize>
    </graphicData>
    <size>(1,1)</size>
    <uiIconPath>SadjuukTable/SadjuukTableCA_Icon</uiIconPath>
    <costList>
      <Steel>15</Steel>
    </costList>
  </ThingDef>
  <!-- SadjuukTableCB : Steel Table 2X1 -->
  <ThingDef ParentName="SadjuukTableBaseC">
    <defName>SadjuukTableCB</defName>
    <label>Steel Table 2X1</label>
    <graphicData>
      <texPath>SadjuukTable/SadjuukTableCB</texPath>
      <graphicClass>Graphic_Multi</graphicClass>
      <drawSize>(3,3)</drawSize>
    </graphicData>
    <size>(2,1)</size>
    <uiIconPath>SadjuukTable/SadjuukTableCB_Icon</uiIconPath>
    <costList>
      <Steel>30</Steel>
    </costList>
  </ThingDef>
  <!-- SadjuukTableCC : Steel Table 3X1 -->
  <ThingDef ParentName="SadjuukTableBaseC">
    <defName>SadjuukTableCC</defName>
    <label>Steel Table 3X1</label>
    <graphicData>
      <texPath>SadjuukTable/SadjuukTableCC</texPath>
      <graphicClass>Graphic_Multi</graphicClass>
      <drawSize>(4,4)</drawSize>
    </graphicData>
    <size>(3,1)</size>
    <uiIconPath>SadjuukTable/SadjuukTableCC_Icon</uiIconPath>
    <costList>
      <Steel>45</Steel>
    </costList>
  </ThingDef>
  <!-- SadjuukTableCD : Steel Table 2X2 -->
  <ThingDef ParentName="SadjuukTableBaseC">
    <defName>SadjuukTableCD</defName>
    <label>Steel Table 2X2</label>
    <graphicData>
      <texPath>SadjuukTable/SadjuukTableCD</texPath>
      <graphicClass>Graphic_Multi</graphicClass>
      <drawSize>(3,3)</drawSize>
    </graphicData>
    <size>(2,2)</size>
    <uiIconPath>SadjuukTable/SadjuukTableCD_Icon</uiIconPath>
    <costList>
      <Steel>60</Steel>
    </costList>
  </ThingDef>
  <!-- SadjuukTableCE : Steel Table 3X2 -->
  <ThingDef ParentName="SadjuukTableBaseC">
    <defName>SadjuukTableCE</defName>
    <label>Steel Table 3X2</label>
    <graphicData>
      <texPath>SadjuukTable/SadjuukTableCE</texPath>
      <graphicClass>Graphic_Multi</graphicClass>
      <drawSize>(4,4)</drawSize>
    </graphicData>
    <size>(3,2)</size>
    <uiIconPath>SadjuukTable/SadjuukTableCE_Icon</uiIconPath>
    <costList>
      <Steel>90</Steel>
    </costList>
  </ThingDef>
  <!-- SadjuukTableCF : Meeting Steel Table -->
  <ThingDef ParentName="SadjuukTableBaseC">
    <defName>SadjuukTableCF</defName>
    <label>Meeting Steel Table</label>
    <graphicData>
      <texPath>SadjuukTable/SadjuukTableCF</texPath>
      <graphicClass>Graphic_Multi</graphicClass>
      <drawSize>(4,4)</drawSize>
    </graphicData>
    <size>(3,1)</size>
    <uiIconPath>SadjuukTable/SadjuukTableCF_Icon</uiIconPath>
    <costList>
      <Steel>45</Steel>
      <SadjuukGlass>15</SadjuukGlass>
    </costList>
  </ThingDef>
 
 
 
  <!-- SadjuukTableBaseD : Base Glass Table -->
  <ThingDef Abstract="True" ParentName="SadjuukTableBase" Name="SadjuukTableBaseD">
    <designatorDropdown>SadjuukTableBaseD</designatorDropdown>
    <description>Beauty : 4
A beautiful Glass Table for social or work organization.</description>
    <statBases>
      <MaxHitPoints>80</MaxHitPoints>
      <WorkToBuild>3200</WorkToBuild>
      <Flammability>0.2</Flammability>
      <Beauty>4</Beauty>
      <Mass>40</Mass>
    </statBases>
    <researchPrerequisites>
      <li>SadjuukFurnitureA</li>
    </researchPrerequisites>
    <constructionSkillPrerequisite>6</constructionSkillPrerequisite>
  </ThingDef>
  <!-- SadjuukTableDA : Glass Table 1X1 -->
  <ThingDef ParentName="SadjuukTableBaseD">
    <defName>SadjuukTableDA</defName>
    <label>Glass Table 1X1</label>
    <graphicData>
      <texPath>SadjuukTable/SadjuukTableDA</texPath>
      <graphicClass>Graphic_Multi</graphicClass>
      <drawSize>(2,2)</drawSize>
    </graphicData>
    <size>(1,1)</size>
    <uiIconPath>SadjuukTable/SadjuukTableDA_Icon</uiIconPath>
    <costList>
      <Steel>15</Steel>
      <SadjuukGlass>5</SadjuukGlass>
    </costList>
  </ThingDef>
  <!-- SadjuukTableDB : Glass Table 2X1 -->
  <ThingDef ParentName="SadjuukTableBaseD">
    <defName>SadjuukTableDB</defName>
    <label>Glass Table 2X1</label>
    <graphicData>
      <texPath>SadjuukTable/SadjuukTableDB</texPath>
      <graphicClass>Graphic_Multi</graphicClass>
      <drawSize>(3,3)</drawSize>
    </graphicData>
    <size>(2,1)</size>
    <uiIconPath>SadjuukTable/SadjuukTableDB_Icon</uiIconPath>
    <costList>
      <Steel>30</Steel>
      <SadjuukGlass>10</SadjuukGlass>
    </costList>
  </ThingDef>
  <!-- SadjuukTableDC : Glass Table 3X1 -->
  <ThingDef ParentName="SadjuukTableBaseD">
    <defName>SadjuukTableDC</defName>
    <label>Glass Table 3X1</label>
    <graphicData>
      <texPath>SadjuukTable/SadjuukTableDC</texPath>
      <graphicClass>Graphic_Multi</graphicClass>
      <drawSize>(4,4)</drawSize>
    </graphicData>
    <size>(3,1)</size>
    <uiIconPath>SadjuukTable/SadjuukTableDC_Icon</uiIconPath>
    <costList>
      <Steel>45</Steel>
      <SadjuukGlass>15</SadjuukGlass>
    </costList>
  </ThingDef>
  <!-- SadjuukTableDD : Glass Table 2X2 -->
  <ThingDef ParentName="SadjuukTableBaseD">
    <defName>SadjuukTableDD</defName>
    <label>Glass Table 2X2</label>
    <graphicData>
      <texPath>SadjuukTable/SadjuukTableDD</texPath>
      <graphicClass>Graphic_Multi</graphicClass>
      <drawSize>(3,3)</drawSize>
    </graphicData>
    <size>(2,2)</size>
    <uiIconPath>SadjuukTable/SadjuukTableDD_Icon</uiIconPath>
    <costList>
      <Steel>60</Steel>
      <SadjuukGlass>20</SadjuukGlass>
    </costList>
  </ThingDef>
  <!-- SadjuukTableDE : Glass Table 3X2 -->
  <ThingDef ParentName="SadjuukTableBaseD">
    <defName>SadjuukTableDE</defName>
    <label>Glass Table 3X2</label>
    <graphicData>
      <texPath>SadjuukTable/SadjuukTableDE</texPath>
      <graphicClass>Graphic_Multi</graphicClass>
      <drawSize>(4,4)</drawSize>
    </graphicData>
    <size>(3,2)</size>
    <uiIconPath>SadjuukTable/SadjuukTableDE_Icon</uiIconPath>
    <costList>
      <Steel>90</Steel>
      <SadjuukGlass>30</SadjuukGlass>
    </costList>
  </ThingDef>
  <!-- SadjuukTableDF : Meeting Glass Table -->
  <ThingDef ParentName="SadjuukTableBaseD">
    <defName>SadjuukTableDF</defName>
    <label>Meeting Glass Table</label>
    <graphicData>
      <texPath>SadjuukTable/SadjuukTableDF</texPath>
      <graphicClass>Graphic_Multi</graphicClass>
      <drawSize>(4,4)</drawSize>
    </graphicData>
    <size>(3,1)</size>
    <uiIconPath>SadjuukTable/SadjuukTableDF_Icon</uiIconPath>
    <costList>
      <Steel>15</Steel>
      <SadjuukGlass>45</SadjuukGlass>
    </costList>
  </ThingDef>
 
 
 
  <!-- SadjuukTableBaseE : Base Light Plasteel Table -->
  <ThingDef Abstract="True" ParentName="SadjuukTableBase" Name="SadjuukTableBaseE">
    <designatorDropdown>SadjuukTableBaseE</designatorDropdown>
    <description>Beauty : 6
A beautiful Light Plasteel Table for social or work organization.</description>
    <statBases>
      <MaxHitPoints>250</MaxHitPoints>
      <WorkToBuild>2500</WorkToBuild>
      <Flammability>0.1</Flammability>
      <Beauty>6</Beauty>
      <Mass>40</Mass>
    </statBases>
    <researchPrerequisites>
      <li>SadjuukFurnitureC</li>
    </researchPrerequisites>
    <constructionSkillPrerequisite>12</constructionSkillPrerequisite>
  </ThingDef>
  <!-- SadjuukTableEA : Plasteel Table 1X1 -->
  <ThingDef ParentName="SadjuukTableBaseE">
    <defName>SadjuukTableEA</defName>
    <label>Plasteel Table 1X1</label>
    <graphicData>
      <texPath>SadjuukTable/SadjuukTableEA</texPath>
      <graphicClass>Graphic_Multi</graphicClass>
      <drawSize>(2,2)</drawSize>
    </graphicData>
    <size>(1,1)</size>
    <uiIconPath>SadjuukTable/SadjuukTableEA_Icon</uiIconPath>
    <costList>
      <Plasteel>15</Plasteel>
      <SadjuukGlass>5</SadjuukGlass>
    </costList>
  </ThingDef>
  <!-- SadjuukTableEB : Plasteel Table 2X1 -->
  <ThingDef ParentName="SadjuukTableBaseE">
    <defName>SadjuukTableEB</defName>
    <label>Plasteel Table 2X1</label>
    <graphicData>
      <texPath>SadjuukTable/SadjuukTableEB</texPath>
      <graphicClass>Graphic_Multi</graphicClass>
      <drawSize>(3,3)</drawSize>
    </graphicData>
    <size>(2,1)</size>
    <uiIconPath>SadjuukTable/SadjuukTableEB_Icon</uiIconPath>
    <costList>
      <Plasteel>30</Plasteel>
      <SadjuukGlass>10</SadjuukGlass>
    </costList>
  </ThingDef>
  <!-- SadjuukTableEC : Plasteel Table 3X1 -->
  <ThingDef ParentName="SadjuukTableBaseE">
    <defName>SadjuukTableEC</defName>
    <label>Plasteel Table 3X1</label>
    <graphicData>
      <texPath>SadjuukTable/SadjuukTableEC</texPath>
      <graphicClass>Graphic_Multi</graphicClass>
      <drawSize>(4,4)</drawSize>
    </graphicData>
    <size>(3,1)</size>
    <uiIconPath>SadjuukTable/SadjuukTableEC_Icon</uiIconPath>
    <costList>
      <Plasteel>45</Plasteel>
      <SadjuukGlass>15</SadjuukGlass>
    </costList>
  </ThingDef>
  <!-- SadjuukTableED : Plasteel Table 2X2 -->
  <ThingDef ParentName="SadjuukTableBaseE">
    <defName>SadjuukTableED</defName>
    <label>Plasteel Table 2X2</label>
    <graphicData>
      <texPath>SadjuukTable/SadjuukTableED</texPath>
      <graphicClass>Graphic_Multi</graphicClass>
      <drawSize>(3,3)</drawSize>
    </graphicData>
    <size>(2,2)</size>
    <uiIconPath>SadjuukTable/SadjuukTableED_Icon</uiIconPath>
    <costList>
      <Plasteel>60</Plasteel>
      <SadjuukGlass>20</SadjuukGlass>
    </costList>
  </ThingDef>
  <!-- SadjuukTableEE : Plasteel Table 3X2 -->
  <ThingDef ParentName="SadjuukTableBaseE">
    <defName>SadjuukTableEE</defName>
    <label>Plasteel Table 3X2</label>
    <graphicData>
      <texPath>SadjuukTable/SadjuukTableEE</texPath>
      <graphicClass>Graphic_Multi</graphicClass>
      <drawSize>(4,4)</drawSize>
    </graphicData>
    <size>(3,2)</size>
    <uiIconPath>SadjuukTable/SadjuukTableEE_Icon</uiIconPath>
    <costList>
      <Plasteel>90</Plasteel>
      <SadjuukGlass>30</SadjuukGlass>
    </costList>
  </ThingDef>
  <!-- SadjuukTableEF : Plasteel Meeting Table -->
  <ThingDef ParentName="SadjuukTableBaseE">
    <defName>SadjuukTableEF</defName>
    <label>Meeting Plasteel Table</label>
    <graphicData>
      <texPath>SadjuukTable/SadjuukTableEF</texPath>
      <graphicClass>Graphic_Multi</graphicClass>
      <drawSize>(4,4)</drawSize>
    </graphicData>
    <size>(3,1)</size>
    <uiIconPath>SadjuukTable/SadjuukTableEF_Icon</uiIconPath>
    <costList>
      <Plasteel>45</Plasteel>
      <SadjuukGlass>15</SadjuukGlass>
      <Synthread>15</Synthread>
    </costList>
  </ThingDef>
 
 

  <!-- SadjuukTableBaseF : Base Dark Plasteel Table -->
  <ThingDef Abstract="True" ParentName="SadjuukTableBase" Name="SadjuukTableBaseF">
    <designatorDropdown>SadjuukTableBaseF</designatorDropdown>
    <description>Beauty : 6
A beautiful Dark Plasteel Table for social or work organization.</description>
    <statBases>
      <MaxHitPoints>250</MaxHitPoints>
      <WorkToBuild>2500</WorkToBuild>
      <Flammability>0.1</Flammability>
      <Beauty>6</Beauty>
      <Mass>40</Mass>
    </statBases>
    <researchPrerequisites>
      <li>SadjuukFurnitureC</li>
    </researchPrerequisites>
    <constructionSkillPrerequisite>12</constructionSkillPrerequisite>
  </ThingDef> 
  <!-- SadjuukTableFA : Plasteel Table 1X1 -->
  <ThingDef ParentName="SadjuukTableBaseF">
    <defName>SadjuukTableFA</defName>
    <label>Plasteel Table 1X1</label>
    <graphicData>
      <texPath>SadjuukTable/SadjuukTableFA</texPath>
      <graphicClass>Graphic_Multi</graphicClass>
      <drawSize>(2,2)</drawSize>
    </graphicData>
    <size>(1,1)</size>
    <uiIconPath>SadjuukTable/SadjuukTableFA_Icon</uiIconPath>
    <costList>
      <Plasteel>15</Plasteel>
      <SadjuukGlass>5</SadjuukGlass>
    </costList>
  </ThingDef>
  <!-- SadjuukTableFB : Plasteel Table 2X1 -->
  <ThingDef ParentName="SadjuukTableBaseF">
    <defName>SadjuukTableFB</defName>
    <label>Plasteel Table 2X1</label>
    <graphicData>
      <texPath>SadjuukTable/SadjuukTableFB</texPath>
      <graphicClass>Graphic_Multi</graphicClass>
      <drawSize>(3,3)</drawSize>
    </graphicData>
    <size>(2,1)</size>
    <uiIconPath>SadjuukTable/SadjuukTableFB_Icon</uiIconPath>
    <costList>
      <Plasteel>30</Plasteel>
      <SadjuukGlass>10</SadjuukGlass>
    </costList>
  </ThingDef>
  <!-- SadjuukTableFC : Plasteel Table 3X1 -->
  <ThingDef ParentName="SadjuukTableBaseF">
    <defName>SadjuukTableFC</defName>
    <label>Plasteel Table 3X1</label>
    <graphicData>
      <texPath>SadjuukTable/SadjuukTableFC</texPath>
      <graphicClass>Graphic_Multi</graphicClass>
      <drawSize>(4,4)</drawSize>
    </graphicData>
    <size>(3,1)</size>
    <uiIconPath>SadjuukTable/SadjuukTableFC_Icon</uiIconPath>
    <costList>
      <Plasteel>45</Plasteel>
      <SadjuukGlass>15</SadjuukGlass>
    </costList>
  </ThingDef>
  <!-- SadjuukTableFD : Plasteel Table 2X2 -->
  <ThingDef ParentName="SadjuukTableBaseF">
    <defName>SadjuukTableFD</defName>
    <label>Plasteel Table 2X2</label>
    <graphicData>
      <texPath>SadjuukTable/SadjuukTableFD</texPath>
      <graphicClass>Graphic_Multi</graphicClass>
      <drawSize>(3,3)</drawSize>
    </graphicData>
    <size>(2,2)</size>
    <uiIconPath>SadjuukTable/SadjuukTableFD_Icon</uiIconPath>
    <costList>
      <Plasteel>60</Plasteel>
      <SadjuukGlass>20</SadjuukGlass>
    </costList>
  </ThingDef>
  <!-- SadjuukTableFE : Plasteel Table 3X2 -->
  <ThingDef ParentName="SadjuukTableBaseF">
    <defName>SadjuukTableFE</defName>
    <label>Plasteel Table 3X2</label>
    <graphicData>
      <texPath>SadjuukTable/SadjuukTableFE</texPath>
      <graphicClass>Graphic_Multi</graphicClass>
      <drawSize>(4,4)</drawSize>
    </graphicData>
    <size>(3,2)</size>
    <uiIconPath>SadjuukTable/SadjuukTableFE_Icon</uiIconPath>
    <costList>
      <Plasteel>90</Plasteel>
      <SadjuukGlass>30</SadjuukGlass>
    </costList>
  </ThingDef>
  <!-- SadjuukTableFF : Plasteel Meeting Table -->
  <ThingDef ParentName="SadjuukTableBaseF">
    <defName>SadjuukTableFF</defName>
    <label>Meeting Plasteel Table</label>
    <graphicData>
      <texPath>SadjuukTable/SadjuukTableFF</texPath>
      <graphicClass>Graphic_Multi</graphicClass>
      <drawSize>(4,4)</drawSize>
    </graphicData>
    <size>(3,1)</size>
    <uiIconPath>SadjuukTable/SadjuukTableFF_Icon</uiIconPath>
    <costList>
      <Plasteel>45</Plasteel>
      <SadjuukGlass>15</SadjuukGlass>
      <Synthread>15</Synthread>
    </costList>
  </ThingDef>
 
  

</Defs>