﻿<?xml version="1.0" encoding="utf-8"?>
<Defs>

    

  <!-- SadjuukTemperatureBaseA : Heaters -->
  <ThingDef Abstract="True" Name="SadjuukTemperatureBaseA" ParentName="BuildingBase">
    <designationCategory>SadjuukUN-Industry</designationCategory>
    <thingClass>Building_Heater</thingClass>
    <blockWind>false</blockWind>
    <rotatable>true</rotatable>
    <fillPercent>0.4</fillPercent>
    <tickerType>Rare</tickerType>
    <terrainAffordanceNeeded>Medium</terrainAffordanceNeeded>
    <placeWorkers>
      <li>PlaceWorker_Heater</li>
    </placeWorkers>
    <drawPlaceWorkersWhileSelected>true</drawPlaceWorkersWhileSelected>
    <altitudeLayer>Building</altitudeLayer>
  </ThingDef>
  <!-- SadjuukTemperatureAA : Heater AA -->
  <ThingDef ParentName="SadjuukTemperatureBaseA">
    <defName>SadjuukTemperatureAA</defName>
    <label>Electric Heater</label>
    <description>Power : 175W
T/s : 21
Electric Heater, has a low energy efficiency.</description>
    <graphicData>
      <texPath>SadjuukTemperature/SadjuukTemperatureAA</texPath>
      <graphicClass>Graphic_Multi</graphicClass>
      <drawSize>(3,3)</drawSize>
    </graphicData>
    <size>(1,1)</size>
    <uiIconPath>SadjuukTemperature/SadjuukTemperatureAA_Icon</uiIconPath>
    <statBases>
      <WorkToBuild>1500</WorkToBuild>
      <MaxHitPoints>150</MaxHitPoints>
      <Flammability>0.2</Flammability>
      <MarketValue>80</MarketValue>
      <Mass>25</Mass>
    </statBases>
    <costList>
      <Steel>50</Steel>
      <ComponentIndustrial>1</ComponentIndustrial>
    </costList>
    <comps>
      <li Class="CompProperties_Power">
        <compClass>CompPowerTrader</compClass>
        <basePowerConsumption>175</basePowerConsumption>
      </li>
      <li Class="CompProperties_Flickable" />
      <li Class="CompProperties_TempControl">
        <energyPerSecond>21</energyPerSecond>
      </li>
      <li Class="CompProperties_Glower">
        <glowRadius>2</glowRadius>
        <glowColor>(255,150,100,0)</glowColor>
      </li>
    </comps>
    <minifiedDef>MinifiedThing</minifiedDef>
    <thingCategories>
      <li>BuildingsTemperature</li>
    </thingCategories>
    <passability>Standable</passability>
    <researchPrerequisites>
      <li>Electricity</li>
    </researchPrerequisites>
    <constructionSkillPrerequisite>3</constructionSkillPrerequisite>
  </ThingDef>
  <!-- SadjuukTemperatureAB : Heater AB -->
  <ThingDef ParentName="SadjuukTemperatureBaseA">
    <defName>SadjuukTemperatureAB</defName>
    <label>Ceramic Heater</label>
    <description>Power : 100W
T/s : +30
A Ceramic Heater, has a good energy efficiency.</description>
    <graphicData>
      <texPath>SadjuukTemperature/SadjuukTemperatureAB</texPath>
      <graphicClass>Graphic_Multi</graphicClass>
      <drawSize>(3,3)</drawSize>
    </graphicData>
    <size>(1,1)</size>
    <uiIconPath>SadjuukTemperature/SadjuukTemperatureAB_Icon</uiIconPath>
    <statBases>
      <WorkToBuild>1500</WorkToBuild>
      <MaxHitPoints>150</MaxHitPoints>
      <Flammability>0.2</Flammability>
      <Beauty>2</Beauty>
      <MarketValue>90</MarketValue>
      <Mass>14.4</Mass>
    </statBases>
    <costList>
      <Steel>50</Steel>
      <ComponentIndustrial>1</ComponentIndustrial>
      <SadjuukGlass>5</SadjuukGlass>
    </costList>
    <comps>
      <li Class="CompProperties_Power">
        <compClass>CompPowerTrader</compClass>
        <basePowerConsumption>100</basePowerConsumption>
        <shortCircuitInRain>true</shortCircuitInRain>
      </li>
      <li Class="CompProperties_Flickable" />
      <li Class="CompProperties_TempControl">
        <energyPerSecond>30</energyPerSecond>
      </li>
      <li Class="CompProperties_Glower">
        <glowRadius>3</glowRadius>
        <glowColor>(217,112,33,0)</glowColor>
      </li>
    </comps>
    <minifiedDef>MinifiedThing</minifiedDef>
    <thingCategories>
      <li>BuildingsTemperature</li>
    </thingCategories>
    <passability>Standable</passability>
    <researchPrerequisites>
      <li>SadjuukFurnitureB</li>
    </researchPrerequisites>
    <constructionSkillPrerequisite>12</constructionSkillPrerequisite>
  </ThingDef>


  
  <!-- SadjuukTemperatureBaseB : Coolers -->
  <ThingDef Abstract="True" Name="SadjuukTemperatureBaseB" ParentName="BuildingBase">
    <designationCategory>SadjuukUN-Industry</designationCategory>
    <thingClass>Building_Cooler</thingClass>
    <rotatable>true</rotatable>
    <tickerType>Rare</tickerType>
    <placeWorkers>
      <li>PlaceWorker_Cooler</li>
    </placeWorkers>
    <drawPlaceWorkersWhileSelected>true</drawPlaceWorkersWhileSelected>
    <building>
      <isInert>true</isInert>
      <isEdifice>false</isEdifice>
    </building>
    <clearBuildingArea>false</clearBuildingArea>
    <passability>Standable</passability>
    <altitudeLayer>Blueprint</altitudeLayer>
    <size>(1,1)</size>
  </ThingDef>
  <!-- SadjuukTemperatureBA : Cooler BA -->
  <ThingDef ParentName="SadjuukTemperatureBaseB">
    <defName>SadjuukTemperatureBA</defName>
    <label>Steel Air Cooler</label>
    <description>Power : 200W
T/s : -21
An electric Air Cooler. Have to be placed on a wall.</description>
    <graphicData>
      <texPath>SadjuukTemperature/SadjuukTemperatureBA</texPath>
      <graphicClass>Graphic_Multi</graphicClass>
      <drawSize>(2,2)</drawSize>
    </graphicData>
    <uiIconPath>SadjuukTemperature/SadjuukTemperatureBA_Icon</uiIconPath>
    <statBases>
      <WorkToBuild>1500</WorkToBuild>
      <MaxHitPoints>150</MaxHitPoints>
      <Flammability>0.2</Flammability>
    </statBases>
    <costList>
      <Steel>90</Steel>
      <ComponentIndustrial>3</ComponentIndustrial>
    </costList>
    <comps>
      <li Class="CompProperties_Power">
        <compClass>CompPowerTrader</compClass>
        <basePowerConsumption>200</basePowerConsumption>
      </li>
      <li Class="CompProperties_Flickable" />
      <li Class="CompProperties_TempControl">
        <energyPerSecond>-21</energyPerSecond>
      </li>
      <li Class="CompProperties_Breakdownable" />
    </comps>
    <researchPrerequisites>
      <li>SadjuukFurnitureA</li>
    </researchPrerequisites>
    <constructionSkillPrerequisite>3</constructionSkillPrerequisite>
  </ThingDef>
  <!-- SadjuukTemperatureBB : Cooler BB -->
  <ThingDef ParentName="SadjuukTemperatureBaseB">
    <defName>SadjuukTemperatureBB</defName>
    <label>Ceramic Air Cooler</label>
    <description>Power : 400W
Beauty : 2
T/s : -63
A ceramic Air Cooler with good performance. Have to be placed on a wall.</description>
    <graphicData>
      <texPath>SadjuukTemperature/SadjuukTemperatureBB</texPath>
      <graphicClass>Graphic_Multi</graphicClass>
      <drawSize>(2,2)</drawSize>
    </graphicData>
    <uiIconPath>SadjuukTemperature/SadjuukTemperatureBB_Icon</uiIconPath>
    <statBases>
      <WorkToBuild>1500</WorkToBuild>
      <MaxHitPoints>150</MaxHitPoints>
      <Flammability>0.2</Flammability>
      <Beauty>2</Beauty>
    </statBases>
    <costList>
      <Steel>90</Steel>
      <ComponentIndustrial>5</ComponentIndustrial>
      <SadjuukGlass>5</SadjuukGlass>
    </costList>
    <comps>
      <li Class="CompProperties_Power">
        <compClass>CompPowerTrader</compClass>
        <basePowerConsumption>400</basePowerConsumption>
      </li>
      <li Class="CompProperties_Flickable" />
      <li Class="CompProperties_TempControl">
        <energyPerSecond>-63</energyPerSecond>
      </li>
      <li Class="CompProperties_Breakdownable" />
    </comps>
    <researchPrerequisites>
      <li>SadjuukFurnitureC</li>
    </researchPrerequisites>
    <constructionSkillPrerequisite>6</constructionSkillPrerequisite>
  </ThingDef>
  
  

  <!-- SadjuukTemperatureCA : Fan -->
  <ThingDef ParentName="BuildingBase">
    <defName>SadjuukTemperatureCA</defName>
    <label>Electric Fan</label>
    <thingClass>Building_Heater</thingClass>
    <description>Power : 40W
T/s : -8
T min : 24°C
A cheap Electric Fan, reducing a little excess temperature in a room.</description>
    <designationCategory>SadjuukUN-Industry</designationCategory>
    <category>Building</category>
    <graphicData>
      <texPath>SadjuukTemperature/SadjuukTemperatureCA</texPath>
      <graphicClass>Graphic_Multi</graphicClass>
      <drawSize>(1,1)</drawSize>
    </graphicData>
    <uiIconPath>SadjuukTemperature/SadjuukTemperatureCA_Icon</uiIconPath>
    <rotatable>true</rotatable>
    <altitudeLayer>Building</altitudeLayer>
    <passability>PassThroughOnly</passability>
    <pathCost>50</pathCost>
    <constructEffect>ConstructMetal</constructEffect>
    <tickerType>Normal</tickerType>
    <drawerType>RealtimeOnly</drawerType>
    <fillPercent>0.1</fillPercent>
    <statBases>
      <MaxHitPoints>80</MaxHitPoints>
      <WorkToBuild>400</WorkToBuild>
      <Flammability>0.2</Flammability>
      <MarketValue>50</MarketValue>
      <Mass>20</Mass>
    </statBases>
    <selectable>true</selectable>
    <costList>
      <Steel>20</Steel>
      <ComponentIndustrial>1</ComponentIndustrial>
    </costList>
    <leaveResourcesWhenKilled>false</leaveResourcesWhenKilled>
    <placeWorkers>
      <li>PlaceWorker_CoolerSimple</li>
    </placeWorkers>
    <drawPlaceWorkersWhileSelected>true</drawPlaceWorkersWhileSelected>
    <comps>
      <li Class="CompProperties_HeatPusher">
        <compClass>CompHeatPusherPowered</compClass>
        <heatPerSecond>-8</heatPerSecond>
        <heatPushMinTemperature>24</heatPushMinTemperature>
      </li>
      <li Class="CompProperties_Power">
        <compClass>CompPowerTrader</compClass>
        <basePowerConsumption>40</basePowerConsumption>
      </li>
    </comps>
    <minifiedDef>MinifiedThing</minifiedDef>
    <thingCategories>
      <li>BuildingsTemperature</li>
    </thingCategories>
    <researchPrerequisites>
      <li>Electricity</li>
    </researchPrerequisites>
    <constructionSkillPrerequisite>3</constructionSkillPrerequisite>
  </ThingDef>
  
  
  
  <!-- SadjuukTemperatureBaseD : Vent -->
  <ThingDef Abstract="True" Name="SadjuukTemperatureBaseD" ParentName="BuildingBase">
    <designationCategory>SadjuukUN-Industry</designationCategory>
    <thingClass>Building_Vent</thingClass>
    <rotatable>true</rotatable>
    <tickerType>Rare</tickerType>
    <placeWorkers>
      <li>PlaceWorker_Vent</li>
    </placeWorkers>
    <drawPlaceWorkersWhileSelected>true</drawPlaceWorkersWhileSelected>
    <building>
      <isInert>true</isInert>
      <isEdifice>false</isEdifice>
    </building>
    <clearBuildingArea>false</clearBuildingArea>
    <passability>Standable</passability>
    <altitudeLayer>Blueprint</altitudeLayer>
    <size>(1,1)</size>
    <comps>
      <li Class="CompProperties_Flickable">
        <commandTexture>UI/Commands/Vent</commandTexture>
        <commandLabelKey>CommandDesignateOpenCloseVentLabel</commandLabelKey>
        <commandDescKey>CommandDesignateOpenCloseVentDesc</commandDescKey>
      </li>
    </comps>
  </ThingDef>
  <!-- SadjuukTemperatureDA Vent DA -->
  <ThingDef ParentName="SadjuukTemperatureBaseD">
    <defName>SadjuukTemperatureDA</defName>
    <label>Steel Ventilation</label>
    <description>A very simple ventilation, giving breathable air and transmitting heat between rooms. Have to be placed on a wall.</description>
    <graphicData>
      <texPath>SadjuukTemperature/SadjuukTemperatureDA</texPath>
      <graphicClass>Graphic_Multi</graphicClass>
      <drawSize>(1,1)</drawSize>
    </graphicData>
    <uiIconPath>SadjuukTemperature/SadjuukTemperatureDA_Icon</uiIconPath>
    <statBases>
      <WorkToBuild>750</WorkToBuild>
      <MaxHitPoints>150</MaxHitPoints>
      <Flammability>0</Flammability>
    </statBases>
    <costList>
      <Steel>30</Steel>
    </costList>
    <researchPrerequisites>
      <li>Electricity</li>
    </researchPrerequisites>
  </ThingDef>
  <!-- SadjuukTemperatureDB : Vent DB -->
  <ThingDef ParentName="SadjuukTemperatureBaseD">
    <defName>SadjuukVentAC</defName>
    <label>Cozy Ventilation</label>
    <description>Beauty : 2
A filter ventilation of very good quality. Greatly increasing the comfort of the room. Have to be placed on a wall.</description>
    <graphicData>
      <texPath>SadjuukTemperature/SadjuukTemperatureDB</texPath>
      <graphicClass>Graphic_Multi</graphicClass>
      <drawSize>(1,1)</drawSize>
    </graphicData>
    <uiIconPath>SadjuukTemperature/SadjuukTemperatureDB_Icon</uiIconPath>
    <statBases>
      <WorkToBuild>750</WorkToBuild>
      <MaxHitPoints>150</MaxHitPoints>
      <Flammability>0</Flammability>
      <Beauty>2</Beauty>
    </statBases>
    <costList>
      <Steel>30</Steel>
      <SadjuukGlass>5</SadjuukGlass>
    </costList>
    <researchPrerequisites>
      <li>SadjuukFurnitureB</li>
    </researchPrerequisites>
    <constructionSkillPrerequisite>6</constructionSkillPrerequisite>
  </ThingDef>

  
  

</Defs>